PlayerNumber, Age , FedExCupPoints , Money , Round1Score , Round2Score , Round3Score , Round4Score , TotalStrokes , AverageDrive ,Drive_rank, Percent_Birdie_when_GIR , Percent_Fairways , Percent_GIR , Putt_round , Percent_10foot , Percent_Outside10 
1116, 44.00 , 24.17 ," 22,815.91 ", 69.67 , 70.33 , 71.17 , 70.83 , 282.00 , 278.55 ,151, 0.24 , 57.14 , 68.52 , 29.46 , 89.02 , 13.43 
1226, 51.00 , 40.83 ," 81,026.83 ", 68.67 , 69.67 , 69.33 , 72.67 , 280.33 , 290.01 ,30, 0.28 , 61.31 , 67.13 , 29.50 , 88.27 , 13.58 
1249, 44.50 , 8.61 ," 14,238.75 ", 68.75 , 70.25 , 73.00 , 73.50 , 285.50 , 288.07 ,48, 0.30 , 54.91 , 65.28 , 31.67 , 85.76 , 12.31 
1313, 48.00 , 10.75 ," 12,813.34 ", 68.00 , 71.50 , 73.50 , 73.50 , 286.50 , 270.90 ,229, 0.29 , 66.96 , 59.72 , 28.13 , 89.44 , 21.56 
1320, 45.00 , 0.94 ," 12,028.00 ", 71.00 , 76.00 , 73.00 , 77.00 , 297.00 , 274.93 ,195, 0.25 , 46.43 , 55.56 , 29.50 , 82.50 , 13.16 
1388, 42.00 , 19.50 ," 16,336.67 ", 68.00 , 72.00 , 74.00 , 75.00 , 289.00 , 278.54 ,152, 0.20 , 58.93 , 61.11 , 29.75 , 79.01 , 15.79 
1473, 45.00 , 29.00 ," 21,840.00 ", 72.00 , 70.00 , 69.00 , 69.00 , 280.00 , 286.43 ,65, 0.24 , 57.14 , 68.06 , 29.00 , 86.42 , 5.71 
1577, 46.00 , 14.64 ," 15,571.73 ", 69.80 , 69.80 , 74.40 , 70.80 , 284.80 , 274.11 ,203, 0.27 , 65.28 , 61.67 , 34.30 , 88.57 , 16.66 
1619, 46.00 , 0.99 ," 11,940.00 ", 75.00 , 73.00 , 75.00 , 75.00 , 298.00 , 260.00 ,267, 0.22 , 60.71 , 45.83 , 27.25 , 91.55 , 13.16 
1677, 51.00 , 32.50 ," 28,060.00 ", 65.00 , 72.00 , 69.00 , 69.00 , 275.00 , 293.48 ,15, 0.21 , 67.86 , 80.56 , 30.50 , 94.12 , 12.96 
1706, 46.43 , 40.68 ," 72,387.65 ", 69.86 , 69.29 , 69.86 , 71.71 , 280.71 , 286.53 ,64, 0.28 , 58.59 , 69.84 , 33.75 , 86.77 , 13.38 
1724, 46.60 , 17.80 ," 18,060.35 ", 72.60 , 70.20 , 70.60 , 73.20 , 286.60 , 277.43 ,168, 0.30 , 67.77 , 63.89 , 35.10 , 84.60 , 13.13 
1766, 44.00 , 35.63 ," 54,140.31 ", 69.75 , 70.88 , 72.38 , 70.38 , 283.38 , 277.00 ,173, 0.28 , 67.41 , 64.76 , 30.10 , 86.68 , 12.77 
1797, 48.00 , 18.88 ," 26,123.70 ", 72.25 , 71.75 , 73.25 , 74.50 , 291.75 , 271.87 ,219.5, 0.27 , 72.20 , 64.58 , 29.56 , 84.99 , 10.81 
1810, 40.00 , 115.95 ," 232,559.15 ", 70.10 , 69.40 , 70.10 , 70.10 , 279.70 , 291.16 ,21, 0.37 , 53.15 , 66.25 , 32.23 , 87.90 , 15.13 
1887, 54.00 , 0.92 ," 18,240.00 ", 66.00 , 74.00 , 79.00 , 77.00 , 296.00 , 267.45 ,253, 0.30 , 60.71 , 59.72 , 29.25 , 88.73 , 15.22 
1928, 51.00 , 18.50 ," 21,188.00 ", 70.50 , 70.00 , 75.00 , 70.50 , 286.00 , 247.04 ,270, 0.24 , 66.96 , 59.03 , 28.25 , 85.14 , 18.86 
1941, 51.00 , 20.00 ," 15,660.00 ", 73.00 , 68.00 , 69.00 , 75.00 , 285.00 , 262.25 ,265, 0.31 , 76.36 , 54.17 , 54.00 , 88.89 , 23.53 
1945, 50.00 , 28.00 ," 29,578.25 ", 71.50 , 71.50 , 70.50 , 72.00 , 285.50 , 271.98 ,218, 0.27 , 69.64 , 69.44 , 30.25 , 87.89 , 5.69 
1948, 44.00 , 27.69 ," 36,785.38 ", 69.43 , 70.00 , 73.00 , 70.86 , 283.29 , 274.26 ,201, 0.28 , 63.27 , 61.51 , 28.75 , 88.95 , 15.08 
1968, 54.00 , 15.00 ," 12,996.00 ", 70.00 , 74.00 , 73.00 , 72.00 , 289.00 , 261.98 ,266, 0.12 , 73.21 , 56.94 , 29.25 , 90.28 , 13.33 
1978, 46.00 , 15.00 ," 14,798.33 ", 70.00 , 66.50 , 71.00 , 74.50 , 282.00 , 289.79 ,32, 0.28 , 60.71 , 65.97 , 29.50 , 87.72 , 10.83 
2076, 51.00 , -   ," 40,250.00 ", 75.00 , 73.00 , 73.00 , 75.00 , 296.00 , 257.05 ,268, 0.12 , 58.93 , 56.94 , 29.75 , 83.33 , 12.20 
2206, 44.00 , 183.75 ," 435,262.80 ", 67.67 , 67.17 , 70.50 , 69.83 , 275.17 , 274.19 ,202, 0.30 , 74.13 , 73.84 , 28.75 , 88.45 , 16.44 
2214, 49.00 , 22.00 ," 14,806.40 ", 73.00 , 68.00 , 72.00 , 68.00 , 281.00 , 276.13 ,185, 0.18 , 69.64 , 52.78 , 27.75 , 88.00 , 11.11 
2239, 46.00 , 64.42 ," 122,442.00 ", 71.83 , 69.33 , 69.50 , 71.33 , 282.00 , 270.63 ,231, 0.30 , 69.35 , 67.59 , 28.50 , 86.91 , 14.35 
6004, 46.20 , 27.90 ," 45,038.80 ", 71.80 , 69.00 , 71.00 , 71.80 , 283.60 , 272.76 ,211, 0.27 , 67.86 , 65.28 , 29.10 , 88.21 , 13.12 
6034, 47.00 , 29.00 ," 21,840.00 ", 68.00 , 72.00 , 69.00 , 71.00 , 280.00 , 284.48 ,84, 0.20 , 58.93 , 61.11 , 28.50 , 89.19 , 12.50 
6197, 52.00 , 10.00 ," 13,734.00 ", 74.00 , 70.00 , 66.00 , 77.00 , 287.00 , 271.82 ,222, 0.28 , 78.18 , 63.89 , 58.00 , 85.00 , 9.52 
6251, 42.00 , 34.94 ," 41,022.15 ", 69.25 , 69.13 , 71.75 , 70.25 , 280.38 , 269.00 ,243, 0.32 , 67.82 , 63.02 , 31.59 , 88.69 , 17.56 
6515, 42.00 , 14.33 ," 19,611.17 ", 70.83 , 71.33 , 71.50 , 73.83 , 287.50 , 272.88 ,209, 0.24 , 57.12 , 58.10 , 28.58 , 88.03 , 13.79 
6522, 41.00 , 19.00 ," 28,404.44 ", 71.83 , 70.50 , 72.50 , 73.00 , 287.83 , 283.74 ,96.5, 0.26 , 58.04 , 68.52 , 30.71 , 83.88 , 13.32 
6527, 43.63 , 128.56 ," 279,279.24 ", 69.13 , 68.88 , 67.75 , 70.75 , 276.50 , 278.27 ,159, 0.36 , 66.00 , 68.06 , 27.66 , 89.05 , 17.63 
6567, 47.64 , 71.83 ," 138,204.54 ", 69.45 , 69.55 , 70.36 , 70.91 , 280.27 , 285.60 ,70, 0.33 , 61.38 , 67.42 , 32.74 , 86.07 , 16.36 
6573, 45.00 , 55.14 ," 96,297.96 ", 69.27 , 70.73 , 70.64 , 70.09 , 280.73 , 285.59 ,71, 0.31 , 65.26 , 68.94 , 30.21 , 86.51 , 15.41 
6595, 46.00 , 40.75 ," 68,173.21 ", 69.25 , 69.25 , 71.00 , 73.75 , 283.25 , 278.86 ,148, 0.29 , 58.62 , 67.36 , 39.38 , 86.89 , 12.62 
6621, 46.50 , 36.50 ," 43,121.33 ", 68.25 , 70.00 , 70.00 , 71.25 , 279.50 , 273.18 ,207, 0.26 , 75.86 , 70.14 , 31.33 , 87.56 , 18.21 
6643, 46.00 , 48.02 ," 117,702.54 ", 71.78 , 69.89 , 71.44 , 72.78 , 285.89 , 270.20 ,235, 0.27 , 67.46 , 62.81 , 30.27 , 84.89 , 15.19 
7457, 43.33 , 25.05 ," 36,613.22 ", 71.00 , 70.89 , 71.22 , 71.00 , 284.11 , 271.15 ,228, 0.31 , 62.70 , 55.56 , 27.67 , 89.97 , 14.32 
7707, 45.00 , -   ," 12,152.00 ", 72.00 , 69.00 , 71.00 , 72.00 , 284.00 , 280.89 ,126, 0.28 , 44.64 , 50.00 , 27.00 , 87.50 , 22.22 
7749, 41.00 , 36.50 ," 34,965.00 ", 72.00 , 65.00 , 75.00 , 71.00 , 283.00 , 268.29 ,246, 0.34 , 72.73 , 61.11 , 56.50 , 87.18 , 11.76 
7867, 47.00 , 23.75 ," 19,040.25 ", 72.00 , 71.00 , 72.50 , 71.00 , 286.50 , 272.22 ,216, 0.30 , 61.68 , 61.81 , 28.00 , 86.79 , 23.10 
8075, 44.00 , 58.21 ," 96,923.60 ", 69.71 , 68.71 , 70.43 , 69.71 , 278.57 , 267.14 ,254, 0.26 , 69.64 , 64.09 , 28.39 , 91.21 , 14.31 
8375, 41.00 , 22.75 ," 22,298.17 ", 70.33 , 70.00 , 71.17 , 71.83 , 283.33 , 275.62 ,190, 0.29 , 55.84 , 62.73 , 35.00 , 88.83 , 15.97 
8537, 45.00 , 23.63 ," 24,220.75 ", 73.00 , 69.67 , 72.33 , 75.33 , 290.33 , 269.71 ,239, 0.28 , 59.52 , 54.63 , 28.17 , 83.96 , 15.05 
8725, 42.00 , 59.32 ," 121,867.83 ", 68.67 , 70.00 , 71.67 , 72.00 , 282.33 , 283.34 ,100, 0.30 , 68.99 , 66.20 , 35.49 , 85.01 , 18.30 
8793, 35.00 , 45.97 ," 65,232.00 ", 70.67 , 70.33 , 72.67 , 71.00 , 284.67 , 284.35 ,88, 0.29 , 47.62 , 67.59 , 32.44 , 86.72 , 19.00 
9011, 39.00 , 23.40 ," 51,957.83 ", 73.17 , 70.33 , 73.00 , 72.67 , 289.17 , 285.18 ,76, 0.31 , 50.51 , 61.81 , 35.79 , 83.64 , 15.63 
10213, 41.00 , 20.75 ," 23,205.50 ", 73.50 , 68.50 , 71.00 , 74.00 , 287.00 , 278.84 ,149, 0.29 , 69.64 , 62.50 , 28.88 , 83.77 , 15.65 
10423, 40.00 , 0.84 ," 10,788.00 ", 72.00 , 70.00 , 78.00 , 75.00 , 295.00 , 269.02 ,242, 0.30 , 37.50 , 55.56 , 38.67 , 89.66 , 6.67 
10505, 40.75 , 20.71 ," 19,400.00 ", 70.75 , 67.00 , 71.75 , 72.00 , 281.50 , 271.85 ,221, 0.25 , 69.07 , 64.58 , 36.44 , 85.61 , 14.74 
10585, 45.00 , 19.00 ," 16,388.22 ", 70.67 , 71.33 , 72.67 , 71.67 , 286.33 , 275.79 ,187, 0.30 , 64.16 , 61.11 , 38.83 , 86.42 , 12.29 
10733, 44.00 , 25.07 ," 25,072.67 ", 70.43 , 70.00 , 70.57 , 72.29 , 283.29 , 270.60 ,232, 0.28 , 64.56 , 65.08 , 28.89 , 88.60 , 19.81 
10809, 40.14 , 44.57 ," 70,336.67 ", 71.00 , 69.57 , 70.29 , 70.86 , 281.71 , 270.80 ,230, 0.29 , 65.95 , 65.67 , 28.57 , 88.01 , 16.33 
10860, 38.00 , 25.85 ," 34,728.39 ", 70.86 , 71.43 , 71.71 , 71.57 , 285.57 , 273.81 ,204, 0.25 , 65.50 , 64.09 , 28.93 , 88.47 , 16.10 
10885, 39.00 , 47.80 ," 84,941.23 ", 70.80 , 70.90 , 69.40 , 70.50 , 281.60 , 282.78 ,106, 0.28 , 63.57 , 69.58 , 29.45 , 87.17 , 14.33 
10944, 40.00 , -   ," 73,000.00 ", 71.00 , 73.00 , 70.00 , 71.00 , 285.00 , 276.89 ,174, 0.32 , 62.50 , 61.11 , 28.25 , 86.84 , 13.51 
11032, 41.00 , 23.62 ," 33,662.58 ", 71.00 , 70.50 , 70.00 , 73.00 , 284.50 , 293.58 ,13, 0.35 , 51.79 , 61.11 , 27.75 , 86.31 , 20.71 
11123, 37.45 , 34.18 ," 53,475.50 ", 69.18 , 69.27 , 71.27 , 72.55 , 282.27 , 287.22 ,57, 0.33 , 66.21 , 63.13 , 29.34 , 88.70 , 20.54 
12510, 36.10 , 37.80 ," 52,163.65 ", 70.30 , 70.70 , 70.70 , 70.60 , 282.30 , 277.82 ,164, 0.25 , 64.11 , 70.14 , 29.98 , 86.15 , 11.94 
12602, 41.00 , 31.28 ," 42,837.41 ", 70.33 , 68.83 , 70.50 , 71.83 , 281.50 , 264.72 ,262, 0.30 , 67.37 , 63.43 , 32.88 , 88.07 , 17.65 
12652, 40.40 , 44.68 ," 59,369.93 ", 69.20 , 69.80 , 69.00 , 69.80 , 277.80 , 278.35 ,158, 0.37 , 65.17 , 67.50 , 28.05 , 87.29 , 24.23 
12660, 45.00 , 13.25 ," 13,219.50 ", 69.50 , 69.50 , 71.50 , 74.00 , 284.50 , 275.66 ,189, 0.34 , 60.42 , 56.25 , 41.38 , 90.66 , 19.40 
12680, 41.00 , 87.50 ," 177,375.00 ", 65.00 , 65.00 , 70.00 , 69.00 , 269.00 , 269.14 ,241, 0.45 , 44.64 , 61.11 , 26.75 , 92.75 , 15.79 
12716, 34.00 , 53.18 ," 85,593.98 ", 68.73 , 72.09 , 70.00 , 70.64 , 281.45 , 289.54 ,35, 0.37 , 63.83 , 66.67 , 28.61 , 85.67 , 15.72 
12782, 40.86 , 55.07 ," 91,244.34 ", 70.14 , 69.29 , 71.71 , 69.86 , 281.00 , 280.41 ,132, 0.31 , 54.85 , 66.67 , 30.19 , 89.11 , 15.90 
19824, 38.00 , 6.50 ," 11,816.00 ", 70.00 , 72.00 , 71.00 , 72.00 , 285.00 , 286.09 ,68, 0.24 , 55.36 , 63.89 , 29.75 , 88.89 , 17.02 
19846, 39.00 , 40.32 ," 60,842.79 ", 69.82 , 70.64 , 69.82 , 70.91 , 281.18 , 266.88 ,257, 0.28 , 74.19 , 62.88 , 28.02 , 89.13 , 17.78 
19881, 38.00 , 7.50 ," 12,780.00 ", 73.00 , 72.00 , 73.00 , 76.00 , 294.00 , 266.98 ,255, 0.11 , 71.43 , 62.50 , 30.50 , 89.61 , 6.67 
19958, 47.00 , -   ," 45,500.00 ", 71.00 , 72.00 , 73.00 , 76.00 , 292.00 , 271.41 ,225, 0.30 , 57.14 , 51.39 , 27.25 , 91.18 , 21.95 
19970, #NULL! , 83.00 ," 167,348.50 ", 70.00 , 69.00 , 71.17 , 70.83 , 281.00 , 281.10 ,123, 0.32 , 57.44 , 63.89 , 28.79 , 85.96 , 15.73 
20070, 35.44 , 40.64 ," 66,150.45 ", 68.56 , 69.67 , 70.89 , 72.00 , 281.11 , 281.90 ,114, 0.33 , 58.11 , 65.12 , 31.50 , 89.12 , 19.58 
20095, 40.00 , 10.50 ," 13,260.00 ", 69.00 , 66.00 , 71.00 , 69.00 , 275.00 , 272.79 ,210, 0.31 , 76.79 , 66.67 , 28.75 , 93.85 , 20.00 
20098, 39.13 , 43.71 ," 74,023.31 ", 68.75 , 69.13 , 71.13 , 71.63 , 280.63 , 278.81 ,150, 0.30 , 54.92 , 66.32 , 33.44 , 90.08 , 15.18 
20127, 37.00 , 28.86 ," 37,576.79 ", 68.14 , 71.14 , 72.43 , 72.14 , 283.86 , 270.22 ,234, 0.27 , 68.49 , 62.10 , 32.75 , 85.99 , 15.72 
20157, 42.00 , 45.98 ," 83,702.50 ", 70.17 , 71.67 , 68.83 , 71.67 , 282.33 , 279.73 ,142, 0.32 , 61.13 , 63.66 , 28.75 , 89.25 , 15.72 
20160, 39.00 , 47.99 ," 88,000.11 ", 70.27 , 69.91 , 70.18 , 72.91 , 283.27 , 276.31 ,181, 0.31 , 62.30 , 62.63 , 31.55 , 90.09 , 19.29 
20229, 37.20 , 42.70 ," 69,221.13 ", 69.60 , 70.50 , 71.10 , 71.30 , 282.50 , 280.63 ,130, 0.29 , 58.50 , 67.78 , 29.87 , 88.64 , 13.70 
20396, 37.25 , -   ," 73,676.16 ", 69.25 , 71.25 , 72.00 , 68.00 , 280.50 , 288.56 ,44, 0.33 , 56.70 , 69.44 , 29.19 , 87.20 , 16.59 
20436, 37.00 , 37.19 ," 60,621.20 ", 68.80 , 70.20 , 71.60 , 73.20 , 283.80 , 273.09 ,208, 0.29 , 70.49 , 65.00 , 30.68 , 86.14 , 13.86 
20472, 40.00 , 25.56 ," 26,158.25 ", 69.88 , 71.00 , 69.25 , 74.00 , 284.13 , 270.02 ,236, 0.26 , 65.52 , 65.45 , 32.59 , 85.07 , 14.18 
20498, 38.50 , 20.35 ," 24,952.50 ", 70.50 , 70.50 , 69.00 , 73.00 , 283.00 , 276.59 ,178, 0.22 , 69.64 , 69.44 , 29.50 , 87.60 , 14.25 
20572, 41.00 , 50.80 ," 94,751.63 ", 71.00 , 68.20 , 70.40 , 72.00 , 281.60 , 280.58 ,131, 0.30 , 62.86 , 59.44 , 27.85 , 87.69 , 17.87 
20574, 36.00 , -   ," 16,157.15 ", 70.00 , 74.00 , 72.00 , 69.00 , 285.00 , 296.30 ,8, 0.25 , 46.43 , 66.67 , 29.00 , 89.33 , 12.20 
20593, 37.00 , 30.68 ," 41,674.15 ", 71.63 , 68.88 , 71.25 , 71.75 , 283.50 , 268.42 ,245, 0.30 , 58.93 , 56.94 , 28.31 , 89.97 , 18.85 
20645, 39.42 , 47.47 ," 76,365.34 ", 69.83 , 69.33 , 70.33 , 71.58 , 281.08 , 281.26 ,121, 0.29 , 65.91 , 70.02 , 29.56 , 89.02 , 14.49 
20766, 39.00 , 36.36 ," 70,365.22 ", 68.71 , 70.00 , 71.14 , 71.14 , 281.00 , 285.05 ,80, 0.31 , 54.50 , 64.88 , 32.00 , 88.96 , 17.85 
20848, 41.00 , 23.87 ," 29,316.63 ", 70.75 , 71.50 , 70.00 , 72.25 , 284.50 , 296.99 ,6, 0.41 , 50.89 , 60.76 , 29.92 , 89.53 , 16.51 
20850, 37.00 , 21.00 ," 15,411.43 ", 70.00 , 72.00 , 75.00 , 73.00 , 290.00 , 279.05 ,146, 0.29 , 57.14 , 54.17 , 27.75 , 91.67 , 12.82 
20859, 40.00 , -   ," 465,000.00 ", 71.00 , 69.00 , 68.00 , 67.00 , 275.00 , 281.34 ,119, 0.36 , 67.86 , 76.39 , 28.00 , 88.06 , 26.67 
21209, 31.00 , 56.46 ," 105,245.79 ", 69.33 , 68.33 , 72.17 , 70.50 , 280.33 , 287.87 ,51, 0.29 , 60.53 , 67.82 , 29.04 , 85.28 , 16.98 
21284, #NULL! , -   ," 89,150.00 ", 71.50 , 72.00 , 71.50 , 72.00 , 287.00 , 268.71 ,244, 0.27 , 66.07 , 59.72 , 28.63 , 84.43 , 19.22 
21350, 34.00 , 63.77 ," 120,533.50 ", 69.86 , 69.86 , 71.29 , 70.14 , 281.14 , 278.14 ,160, 0.33 , 58.16 , 64.48 , 28.21 , 87.49 , 14.63 
21407, 37.70 , 27.92 ," 49,132.90 ", 70.10 , 71.30 , 71.00 , 72.70 , 285.10 , 277.61 ,166, 0.33 , 58.08 , 60.97 , 28.18 , 87.22 , 18.60 
21528, 34.33 , 23.00 ," 16,895.31 ", 71.00 , 70.67 , 73.00 , 70.67 , 285.33 , 272.26 ,215, 0.32 , 57.14 , 58.33 , 28.58 , 88.04 , 23.56 
21731, 36.00 , 87.91 ," 161,214.59 ", 69.45 , 69.73 , 69.73 , 71.09 , 280.00 , 278.47 ,156, 0.30 , 62.66 , 64.39 , 29.17 , 91.01 , 16.95 
21753, 36.00 , 36.12 ," 53,012.37 ", 69.62 , 70.38 , 70.62 , 71.15 , 281.77 , 276.47 ,179, 0.30 , 68.03 , 67.20 , 29.46 , 85.54 , 17.72 
21805, 39.00 , 191.00 ," 376,917.50 ", 70.33 , 70.33 , 66.67 , 70.67 , 278.00 , 294.14 ,12, 0.33 , 51.19 , 59.72 , 27.83 , 88.22 , 16.23 
21878, 36.00 , 140.71 ," 287,220.92 ", 68.67 , 69.56 , 70.22 , 71.22 , 279.67 , 275.67 ,188, 0.30 , 68.04 , 66.98 , 28.56 , 88.67 , 16.82 
21949, 36.60 , 50.48 ," 106,106.60 ", 69.20 , 69.80 , 71.20 , 71.00 , 281.20 , 283.85 ,94, 0.36 , 57.37 , 60.00 , 33.05 , 88.85 , 19.73 
21959, 37.00 , 14.00 ," 14,820.00 ", 68.00 , 71.00 , 76.00 , 75.00 , 290.00 , 280.21 ,133, 0.34 , 50.00 , 52.78 , 28.00 , 89.71 , 22.73 
21961, 31.00 , 52.70 ," 96,107.09 ", 71.18 , 70.36 , 69.91 , 70.91 , 282.36 , 286.92 ,61, 0.29 , 54.22 , 66.16 , 29.80 , 88.23 , 16.12 
22046, 33.17 , 35.40 ," 54,966.08 ", 70.33 , 69.83 , 71.50 , 70.83 , 282.50 , 283.31 ,101, 0.31 , 58.72 , 60.88 , 28.21 , 90.63 , 13.32 
22056, 37.00 , 14.99 ," 17,420.00 ", 70.50 , 71.00 , 72.50 , 73.50 , 287.50 , 291.00 ,22, 0.19 , 40.18 , 54.17 , 28.38 , 91.03 , 12.20 
22293, 36.80 , 34.83 ," 51,451.66 ", 70.80 , 69.60 , 70.60 , 70.40 , 281.40 , 273.41 ,205.5, 0.26 , 76.31 , 72.22 , 29.75 , 85.22 , 9.60 
22348, 39.00 , 41.46 ," 56,677.49 ", 70.75 , 70.25 , 71.75 , 70.88 , 283.63 , 271.76 ,224, 0.26 , 71.16 , 66.15 , 32.72 , 87.24 , 14.05 
22371, 29.55 , 98.97 ," 209,622.57 ", 70.18 , 67.45 , 69.73 , 70.73 , 278.09 , 285.49 ,73.5, 0.36 , 57.89 , 67.68 , 30.80 , 88.53 , 19.32 
22378, 31.00 , 29.18 ," 39,123.02 ", 71.25 , 69.63 , 71.13 , 73.25 , 285.25 , 267.60 ,251, 0.26 , 55.89 , 63.02 , 32.72 , 89.61 , 15.00 
22405, 30.00 , 62.61 ," 119,020.19 ", 71.22 , 69.33 , 69.67 , 70.33 , 280.56 , 281.05 ,124, 0.30 , 62.69 , 71.60 , 30.41 , 88.99 , 10.43 
22621, 33.29 , 38.26 ," 52,952.32 ", 70.86 , 71.57 , 70.00 , 69.57 , 282.00 , 268.00 ,249, 0.29 , 73.72 , 63.10 , 28.46 , 87.76 , 18.79 
22792, #NULL! , -   ," 80,238.09 ", 71.33 , 70.67 , 69.33 , 72.00 , 283.33 , 278.53 ,153, 0.30 , 63.32 , 66.20 , 28.83 , 83.19 , 13.04 
22892, 36.00 , 0.84 ," 10,788.00 ", 70.00 , 73.00 , 76.00 , 76.00 , 295.00 , 293.52 ,14, 0.23 , 35.71 , 66.67 , 43.00 , 84.48 , 13.16 
22913, 35.13 , 67.56 ," 118,785.79 ", 69.13 , 69.00 , 70.50 , 69.63 , 278.25 , 289.00 ,38, 0.31 , 66.48 , 69.62 , 29.03 , 87.34 , 17.47 
22961, 36.75 , 32.31 ," 60,687.72 ", 69.50 , 69.63 , 72.13 , 71.63 , 282.88 , 270.01 ,237, 0.28 , 65.99 , 63.02 , 33.29 , 87.01 , 17.53 
23108, 32.00 , 84.00 ," 176,756.29 ", 68.91 , 70.27 , 68.45 , 70.09 , 277.73 , 279.06 ,145, 0.33 , 65.73 , 67.93 , 28.34 , 88.30 , 15.99 
23135, 35.00 , 149.25 ," 285,500.00 ", 70.00 , 68.00 , 69.50 , 66.00 , 273.50 , 275.44 ,192, 0.31 , 72.98 , 83.33 , 29.75 , 89.57 , 16.48 
23320, 34.00 , 63.79 ," 122,681.18 ", 69.57 , 70.14 , 69.14 , 73.29 , 282.14 , 287.66 ,54, 0.31 , 51.88 , 61.51 , 28.50 , 89.65 , 12.30 
23322, 37.00 , 30.96 ," 53,349.95 ", 69.00 , 70.00 , 71.00 , 73.33 , 283.33 , 298.33 ,4, 0.28 , 56.55 , 68.98 , 29.75 , 83.77 , 16.81 
23325, 34.56 , 29.67 ," 29,075.34 ", 70.11 , 71.11 , 70.44 , 73.22 , 284.89 , 276.75 ,175, 0.30 , 63.84 , 62.65 , 31.31 , 89.24 , 14.62 
23349, 35.00 , 20.00 ," 16,157.14 ", 72.00 , 68.00 , 73.00 , 72.00 , 285.00 , 295.89 ,9, 0.28 , 48.21 , 73.61 , 30.25 , 87.84 , 14.89 
23353, 35.46 , 37.07 ," 54,102.43 ", 70.08 , 71.46 , 69.69 , 71.54 , 282.77 , 279.71 ,143, 0.28 , 65.61 , 69.02 , 32.88 , 89.84 , 13.47 
23409, 33.00 , 47.50 ," 96,158.92 ", 71.50 , 69.00 , 70.50 , 70.17 , 281.17 , 284.41 ,86, 0.31 , 58.55 , 65.05 , 33.75 , 85.94 , 18.62 
23497, 36.00 , 26.96 ," 34,472.90 ", 69.57 , 70.00 , 72.86 , 71.57 , 284.00 , 292.90 ,17, 0.31 , 52.30 , 61.51 , 29.86 , 87.27 , 18.47 
23541, 34.67 , 42.46 ," 68,964.37 ", 68.44 , 69.78 , 71.67 , 71.00 , 280.89 , 277.27 ,170, 0.28 , 67.57 , 67.13 , 29.56 , 89.30 , 15.07 
23548, 35.00 , 22.81 ," 20,281.63 ", 70.38 , 69.75 , 72.38 , 72.25 , 284.75 , 282.45 ,110, 0.26 , 61.17 , 67.53 , 34.43 , 87.94 , 16.08 
23614, 40.00 , 22.17 ," 38,630.33 ", 72.00 , 69.33 , 73.33 , 73.33 , 288.00 , 281.83 ,115, 0.23 , 55.36 , 57.87 , 29.08 , 85.66 , 13.89 
23621, 34.30 , 105.48 ," 202,925.55 ", 69.40 , 69.10 , 69.00 , 70.10 , 277.60 , 284.15 ,90, 0.34 , 56.86 , 67.08 , 32.24 , 86.85 , 15.53 
23623, 35.38 , 58.55 ," 109,153.48 ", 70.63 , 69.25 , 69.38 , 71.00 , 280.25 , 289.88 ,31, 0.33 , 61.61 , 67.71 , 29.13 , 86.62 , 13.58 
23638, 30.00 , 38.14 ," 49,423.94 ", 69.82 , 70.27 , 69.27 , 72.36 , 281.73 , 276.73 ,176, 0.31 , 63.74 , 64.14 , 28.43 , 87.47 , 16.94 
23673, 35.00 , 22.50 ," 26,033.86 ", 69.50 , 69.50 , 70.83 , 74.50 , 284.33 , 271.79 ,223, 0.29 , 56.76 , 58.80 , 32.63 , 88.31 , 14.12 
23718, 35.17 , 30.25 ," 30,039.36 ", 69.33 , 71.00 , 70.50 , 71.67 , 282.50 , 274.83 ,196, 0.26 , 63.10 , 62.96 , 28.46 , 87.38 , 15.38 
23788, 30.00 , 33.80 ," 46,143.98 ", 70.33 , 69.56 , 70.22 , 71.33 , 281.44 , 287.84 ,52, 0.28 , 57.08 , 67.75 , 33.17 , 86.10 , 9.59 
23800, 32.00 , 49.14 ," 89,879.52 ", 69.17 , 70.17 , 69.17 , 71.67 , 280.17 , 270.45 ,233, 0.35 , 63.62 , 63.66 , 32.46 , 91.44 , 21.52 
23814, #NULL! , -   ," 45,498.10 ", 72.00 , 72.20 , 72.20 , 70.80 , 287.20 , 277.15 ,171, 0.28 , 62.14 , 64.44 , 28.90 , 89.34 , 14.52 
23983, 33.00 , 125.83 ," 298,052.78 ", 69.00 , 68.67 , 70.33 , 69.33 , 277.33 , 271.34 ,226, 0.35 , 68.75 , 70.14 , 28.00 , 89.91 , 19.68 
24024, 34.80 , 56.95 ," 102,430.50 ", 71.50 , 70.00 , 68.90 , 69.00 , 279.40 , 272.30 ,214, 0.32 , 69.32 , 66.53 , 28.28 , 89.89 , 16.76 
24083, #NULL! , -   ," 55,500.00 ", 69.00 , 78.00 , 71.00 , 72.00 , 290.00 , 254.55 ,269, 0.32 , 66.07 , 47.22 , 25.75 , 87.67 , 20.00 
24138, 34.86 , 41.81 ," 67,175.07 ", 70.71 , 69.43 , 72.14 , 69.71 , 282.00 , 272.65 ,212, 0.29 , 65.80 , 66.07 , 28.50 , 88.37 , 15.13 
24140, 28.00 , 31.02 ," 47,121.83 ", 70.33 , 69.50 , 70.17 , 71.67 , 281.67 , 275.60 ,191, 0.27 , 59.73 , 62.96 , 33.38 , 85.86 , 19.80 
24290, 34.50 , 22.00 ," 20,223.56 ", 70.50 , 67.75 , 71.00 , 71.50 , 280.75 , 279.28 ,144, 0.26 , 59.82 , 63.19 , 31.52 , 85.50 , 15.58 
24357, 40.22 , 122.00 ," 295,678.22 ", 70.78 , 69.44 , 71.33 , 70.44 , 282.00 , 276.26 ,182, 0.29 , 61.84 , 65.74 , 32.80 , 87.54 , 18.80 
24358, 33.00 , 53.50 ," 105,701.80 ", 70.44 , 69.89 , 73.33 , 71.56 , 285.22 , 297.94 ,5, 0.34 , 54.05 , 67.28 , 29.42 , 85.52 , 15.12 
24361, 34.75 , 56.67 ," 103,586.61 ", 70.38 , 69.88 , 69.75 , 71.13 , 281.13 , 285.10 ,78.5, 0.37 , 61.61 , 63.19 , 28.79 , 87.15 , 21.01 
24461, #NULL! , -   ," 65,500.00 ", 68.00 , 75.00 , 74.00 , 70.00 , 287.00 , 289.55 ,34, 0.32 , 48.21 , 61.11 , 28.25 , 90.91 , 23.40 
24490, 35.00 , 39.88 ," 71,042.32 ", 70.25 , 70.25 , 69.00 , 72.25 , 281.75 , 280.82 ,128, 0.32 , 59.65 , 61.81 , 28.50 , 87.52 , 17.95 
24494, #NULL! , -   ," 32,668.75 ", 73.50 , 68.50 , 77.50 , 67.00 , 286.50 , 277.31 ,169, 0.36 , 55.36 , 59.72 , 28.63 , 86.20 , 22.48 
24502, 30.00 , 49.88 ," 101,788.29 ", 68.75 , 70.25 , 70.50 , 73.50 , 283.00 , 290.52 ,27, 0.30 , 66.88 , 67.71 , 29.31 , 87.83 , 8.68 
24503, 33.00 , 30.50 ," 23,968.50 ", 69.00 , 71.00 , 68.00 , 73.00 , 281.00 , 264.29 ,263, 0.33 , 76.79 , 50.00 , 24.75 , 90.14 , 17.86 
24507, 37.56 , 18.28 ," 22,440.29 ", 70.33 , 70.89 , 73.11 , 71.11 , 285.44 , 275.98 ,186, 0.30 , 67.88 , 66.82 , 29.17 , 87.05 , 14.77 
24604, 34.00 , 34.00 ," 52,149.15 ", 71.22 , 70.00 , 71.33 , 72.11 , 284.67 , 278.07 ,161, 0.29 , 58.53 , 62.50 , 29.57 , 87.40 , 16.34 
24663, 39.00 , 107.50 ," 215,099.00 ", 69.25 , 70.25 , 69.25 , 70.50 , 279.25 , 281.50 ,117, 0.36 , 59.38 , 65.97 , 30.88 , 91.09 , 17.77 
24748, #NULL! , -   ," 15,592.50 ", 66.00 , 70.00 , 70.00 , 71.00 , 277.00 , 278.39 ,157, 0.30 , 46.43 , 59.72 , 28.25 , 90.77 , 18.75 
24781, 28.23 , 74.17 ," 153,852.47 ", 69.31 , 68.85 , 70.23 , 70.62 , 279.00 , 284.38 ,87, 0.35 , 64.91 , 70.94 , 32.07 , 87.32 , 16.93 
24846, 30.00 , 55.12 ," 92,826.24 ", 70.00 , 69.00 , 71.00 , 71.25 , 281.25 , 277.77 ,165, 0.28 , 59.94 , 66.67 , 29.00 , 87.32 , 14.89 
24912, 36.00 , 5.50 ," 11,804.50 ", 71.00 , 69.50 , 73.50 , 72.00 , 286.00 , 277.98 ,163, 0.25 , 62.50 , 66.67 , 30.00 , 86.19 , 12.64 
24924, 28.11 , 63.32 ," 122,495.55 ", 68.11 , 69.00 , 70.56 , 71.33 , 279.00 , 287.72 ,53, 0.32 , 60.86 , 70.37 , 29.97 , 87.84 , 18.28 
24925, 32.78 , 125.77 ," 257,022.68 ", 69.11 , 68.67 , 68.78 , 70.33 , 276.89 , 283.74 ,96.5, 0.35 , 61.94 , 69.29 , 28.36 , 88.53 , 13.80 
24980, 34.00 , 14.97 ," 15,922.63 ", 73.50 , 70.00 , 73.75 , 73.25 , 290.50 , 284.07 ,91, 0.25 , 54.91 , 62.85 , 32.52 , 88.59 , 11.82 
25190, 32.00 , 11.75 ," 13,456.00 ", 67.00 , 74.00 , 71.50 , 74.50 , 287.00 , 267.50 ,252, 0.25 , 53.57 , 52.08 , 28.00 , 90.06 , 17.97 
25198, #NULL! , -   ," 194,462.33 ", 68.67 , 68.67 , 72.67 , 72.00 , 282.00 , 276.23 ,183, 0.28 , 74.72 , 78.70 , 30.25 , 89.09 , 13.50 
25203, #NULL! , -   ," 50,500.00 ", 74.00 , 72.00 , 72.00 , 73.00 , 291.00 , 264.86 ,261, 0.30 , 51.79 , 52.78 , 27.25 , 92.75 , 15.00 
25240, 34.00 , 82.60 ," 166,600.55 ", 69.80 , 70.90 , 71.50 , 71.10 , 283.30 , 279.88 ,137, 0.34 , 63.54 , 64.17 , 32.03 , 90.04 , 14.98 
25274, 27.00 , 30.11 ," 45,516.86 ", 71.25 , 68.00 , 72.88 , 71.75 , 283.88 , 294.59 ,11, 0.31 , 50.86 , 64.93 , 33.57 , 88.54 , 14.68 
25345, 33.00 , 31.71 ," 47,637.73 ", 69.75 , 71.00 , 71.75 , 70.75 , 283.25 , 280.81 ,129, 0.32 , 59.19 , 63.31 , 29.44 , 88.20 , 14.52 
25364, 33.00 , 46.13 ," 75,105.56 ", 68.33 , 69.67 , 71.00 , 71.33 , 280.33 , 282.76 ,107, 0.26 , 58.93 , 71.30 , 29.83 , 92.63 , 10.87 
25396, 27.00 , 67.94 ," 130,408.13 ", 70.38 , 69.38 , 69.88 , 69.63 , 279.25 , 267.99 ,250, 0.35 , 54.98 , 59.90 , 27.03 , 87.94 , 18.06 
25444, 36.00 , 36.08 ," 67,412.67 ", 73.33 , 69.33 , 74.33 , 69.33 , 286.33 , 275.07 ,193, 0.26 , 65.48 , 62.50 , 28.92 , 89.90 , 14.44 
25457, 33.00 , 18.67 ," 20,791.73 ", 68.67 , 69.67 , 72.67 , 72.00 , 283.00 , 280.01 ,135, 0.26 , 57.74 , 67.59 , 29.75 , 88.37 , 13.39 
25562, 29.30 , 29.41 ," 58,932.30 ", 70.50 , 70.30 , 69.30 , 72.50 , 282.60 , 285.33 ,75, 0.35 , 58.56 , 62.64 , 31.33 , 87.97 , 16.84 
25572, 31.00 , 70.25 ," 143,608.23 ", 69.80 , 70.00 , 70.20 , 70.80 , 280.80 , 276.68 ,177, 0.33 , 68.88 , 68.06 , 28.30 , 85.79 , 17.69 
25632, 32.00 , 50.55 ," 88,389.52 ", 70.10 , 68.80 , 69.60 , 71.60 , 280.10 , 284.70 ,81, 0.30 , 50.30 , 62.64 , 31.42 , 89.13 , 17.38 
25686, 33.50 , 77.93 ," 165,328.20 ", 69.10 , 69.70 , 70.90 , 71.30 , 281.00 , 277.50 ,167, 0.30 , 64.12 , 65.28 , 28.98 , 87.63 , 14.56 
25720, 32.00 , 18.50 ," 31,703.90 ", 70.00 , 71.00 , 73.00 , 71.60 , 285.60 , 263.07 ,264, 0.25 , 59.95 , 58.61 , 28.80 , 88.67 , 11.38 
25804, 32.00 , 127.00 ," 247,193.02 ", 70.60 , 68.30 , 70.70 , 70.30 , 279.90 , 300.97 ,3, 0.36 , 60.21 , 74.17 , 30.69 , 86.40 , 15.39 
25818, 32.00 , 30.75 ," 28,397.50 ", 71.25 , 68.50 , 71.25 , 73.75 , 284.75 , 288.53 ,45, 0.34 , 47.77 , 58.68 , 28.13 , 86.95 , 17.39 
25834, 27.00 , 17.78 ," 21,957.85 ", 71.60 , 67.20 , 73.80 , 71.40 , 284.00 , 266.95 ,256, 0.27 , 62.39 , 63.89 , 34.80 , 91.12 , 15.70 
25900, 31.00 , 95.79 ," 191,405.35 ", 69.29 , 68.14 , 71.14 , 71.86 , 280.43 , 282.25 ,112, 0.38 , 61.11 , 64.88 , 29.49 , 87.08 , 23.46 
26287, 33.17 , 47.06 ," 89,178.83 ", 71.67 , 70.00 , 70.33 , 71.50 , 283.50 , 278.99 ,147, 0.32 , 61.70 , 65.74 , 28.50 , 90.23 , 20.29 
26289, 37.00 , 25.25 ," 22,380.95 ", 69.00 , 70.33 , 71.00 , 70.83 , 281.17 , 287.10 ,58, 0.28 , 64.88 , 74.07 , 30.75 , 86.07 , 12.02 
26300, 30.43 , 38.16 ," 76,865.96 ", 69.43 , 71.00 , 70.43 , 72.14 , 283.00 , 279.90 ,136, 0.31 , 54.14 , 61.71 , 33.63 , 86.46 , 17.90 
26329, 28.00 , 37.67 ," 65,748.33 ", 71.33 , 70.67 , 69.67 , 71.00 , 282.67 , 286.17 ,66, 0.30 , 58.93 , 66.67 , 28.75 , 87.57 , 14.23 
26331, 26.00 , 41.42 ," 58,826.49 ", 72.17 , 70.17 , 71.83 , 69.50 , 283.67 , 281.33 ,120, 0.31 , 61.31 , 67.36 , 29.46 , 87.29 , 15.19 
26420, 34.00 , 18.66 ," 24,783.33 ", 72.67 , 69.50 , 71.50 , 74.00 , 287.67 , 265.48 ,259, 0.24 , 61.22 , 61.81 , 35.11 , 91.23 , 15.13 
26476, 29.00 , 34.43 ," 63,870.36 ", 69.86 , 70.57 , 71.71 , 71.71 , 283.86 , 281.04 ,125, 0.30 , 62.68 , 69.84 , 31.01 , 87.11 , 15.57 
26596, 28.00 , 66.79 ," 126,360.00 ", 69.11 , 69.33 , 70.67 , 71.11 , 280.22 , 279.79 ,140, 0.33 , 65.06 , 64.35 , 27.94 , 89.29 , 18.66 
26668, 32.75 , 36.75 ," 57,529.25 ", 71.25 , 69.75 , 72.75 , 68.75 , 282.50 , 271.23 ,227, 0.27 , 62.64 , 64.93 , 28.44 , 89.78 , 17.99 
26679, 31.00 , 32.23 ," 56,549.55 ", 71.13 , 70.63 , 70.63 , 71.25 , 283.63 , 282.82 ,105, 0.27 , 62.75 , 68.06 , 33.06 , 86.37 , 12.57 
26758, 31.17 , 36.17 ," 49,665.70 ", 69.17 , 69.17 , 69.00 , 71.67 , 279.00 , 278.04 ,162, 0.28 , 65.18 , 67.82 , 28.50 , 90.90 , 17.10 
26851, 27.00 , 42.40 ," 68,005.32 ", 69.73 , 71.00 , 69.36 , 71.45 , 281.55 , 285.16 ,77, 0.31 , 53.93 , 65.53 , 31.93 , 88.95 , 15.24 
26881, 29.00 , 17.42 ," 18,177.71 ", 70.67 , 69.67 , 72.67 , 72.00 , 285.00 , 280.83 ,127, 0.29 , 50.00 , 62.73 , 30.94 , 86.14 , 14.79 
26882, 26.00 , 7.30 ," 12,681.00 ", 70.00 , 68.33 , 75.00 , 73.33 , 286.67 , 268.06 ,248, 0.28 , 52.98 , 55.56 , 28.83 , 85.68 , 18.52 
26908, 26.00 , -   ," 29,672.50 ", 72.50 , 73.00 , 74.00 , 70.00 , 289.50 , 269.75 ,238, 0.29 , 63.39 , 52.08 , 28.00 , 86.37 , 9.70 
26949, 26.00 , -   ," 17,356.50 ", 78.00 , 68.00 , 68.00 , 73.00 , 287.00 , 265.73 ,258, 0.26 , 64.29 , 58.33 , 29.50 , 88.57 , 18.75 
26951, 31.00 , 32.07 ," 40,900.04 ", 71.00 , 70.00 , 72.43 , 70.00 , 283.43 , 276.16 ,184, 0.28 , 69.13 , 67.46 , 28.71 , 88.61 , 13.54 
27060, 31.00 , 29.50 ," 24,800.00 ", 67.00 , 71.00 , 67.00 , 73.00 , 278.00 , 272.39 ,213, 0.27 , 58.93 , 58.33 , 27.75 , 84.62 , 12.12 
27064, 26.00 , 50.84 ," 87,805.62 ", 70.71 , 70.71 , 71.00 , 69.86 , 282.29 , 290.23 ,28, 0.30 , 48.72 , 67.66 , 31.15 , 86.06 , 15.80 
27072, 28.00 , -   ," 163,812.50 ", 68.50 , 75.00 , 71.00 , 73.00 , 287.50 , 290.64 ,25.5, 0.28 , 49.11 , 63.19 , 29.13 , 84.41 , 17.42 
27095, 29.44 , 133.87 ," 322,981.48 ", 67.67 , 68.89 , 69.89 , 69.11 , 275.56 , 288.01 ,49, 0.36 , 61.11 , 70.37 , 32.40 , 89.41 , 19.12 
27120, 31.00 , 36.13 ," 47,939.51 ", 71.25 , 70.25 , 70.25 , 71.25 , 283.00 , 290.80 ,23, 0.30 , 55.25 , 65.28 , 29.72 , 89.31 , 13.08 
27141, 28.36 , 46.94 ," 101,000.59 ", 69.91 , 69.36 , 70.82 , 71.55 , 281.64 , 304.73 ,1, 0.35 , 52.85 , 67.05 , 32.57 , 87.05 , 13.46 
27214, 32.00 , 42.24 ," 80,752.57 ", 71.45 , 70.36 , 70.91 , 69.82 , 282.55 , 280.07 ,134, 0.30 , 66.18 , 64.65 , 31.41 , 88.87 , 16.49 
27302, 32.00 , 24.50 ," 20,800.00 ", 67.00 , 74.00 , 73.00 , 74.00 , 288.00 , 282.07 ,113, 0.28 , 44.64 , 55.56 , 28.75 , 89.33 , 12.50 
27330, 31.56 , 22.38 ," 36,030.74 ", 69.22 , 69.78 , 74.22 , 72.56 , 285.78 , 288.82 ,41, 0.30 , 58.13 , 63.73 , 30.16 , 87.68 , 14.70 
27408, 26.00 , -   ," 63,480.13 ", 67.75 , 70.75 , 72.00 , 72.25 , 282.75 , 282.53 ,109, 0.33 , 55.98 , 67.01 , 28.81 , 89.30 , 13.15 
27466, 26.08 , 54.51 ," 100,075.10 ", 68.92 , 69.25 , 70.08 , 70.25 , 278.50 , 277.05 ,172, 0.29 , 64.81 , 68.75 , 32.27 , 88.64 , 14.68 
27649, 30.00 , 132.69 ," 262,663.96 ", 69.88 , 67.00 , 68.88 , 68.88 , 274.63 , 281.39 ,118, 0.39 , 61.21 , 63.37 , 28.40 , 89.88 , 24.08 
27770, 29.00 , 45.83 ," 69,118.50 ", 69.83 , 69.17 , 72.50 , 71.33 , 282.83 , 279.77 ,141, 0.32 , 60.42 , 65.97 , 30.04 , 87.70 , 16.90 
27797, 30.00 , 39.00 ," 55,000.00 ", 72.00 , 76.00 , 78.00 , 70.00 , 296.00 , 289.31 ,36, 0.28 , 71.67 , 75.00 , 33.00 , 80.72 , 10.20 
27896, 30.00 , -   ," 27,692.33 ", 70.00 , 73.00 , 72.50 , 75.00 , 290.50 , 288.94 ,40, 0.27 , 53.57 , 65.28 , 29.13 , 85.26 , 17.86 
27933, 28.67 , 45.25 ," 67,957.26 ", 69.50 , 68.67 , 70.67 , 69.83 , 278.67 , 276.45 ,180, 0.30 , 69.58 , 68.29 , 33.88 , 88.59 , 19.14 
27936, 28.00 , 116.12 ," 239,861.76 ", 68.78 , 70.00 , 68.67 , 70.89 , 278.33 , 291.54 ,19, 0.32 , 59.62 , 65.90 , 28.17 , 89.23 , 16.73 
27939, 29.00 , 16.50 ," 12,705.00 ", 68.00 , 69.00 , 71.00 , 74.00 , 282.00 , 274.71 ,198, 0.28 , 41.07 , 59.72 , 28.50 , 88.41 , 20.00 
27963, 29.00 , 32.76 ," 63,693.26 ", 71.00 , 69.20 , 71.20 , 70.80 , 282.20 , 282.85 ,104, 0.31 , 55.36 , 65.83 , 29.15 , 86.22 , 17.66 
27974, 23.00 , 12.00 ," 13,571.71 ", 66.50 , 73.50 , 75.00 , 73.00 , 288.00 , 287.01 ,59, 0.29 , 54.12 , 61.11 , 48.50 , 82.58 , 13.33 
27990, 30.00 , 24.50 ," 20,800.00 ", 70.00 , 71.00 , 72.00 , 75.00 , 288.00 , 288.41 ,46, 0.29 , 41.07 , 48.61 , 28.25 , 84.42 , 16.67 
28087, 38.00 , 29.40 ," 44,863.58 ", 69.29 , 70.86 , 72.57 , 71.57 , 284.29 , 274.57 ,199, 0.29 , 60.12 , 62.10 , 32.36 , 85.85 , 13.78 
28089, 23.00 , 59.10 ," 126,420.27 ", 70.50 , 69.25 , 69.13 , 70.38 , 279.25 , 286.16 ,67, 0.35 , 56.06 , 65.28 , 28.03 , 86.83 , 20.12 
28118, 29.00 , 31.00 ," 28,929.29 ", 69.50 , 72.00 , 72.00 , 70.00 , 283.50 , 281.73 ,116, 0.30 , 54.46 , 65.97 , 28.88 , 89.18 , 13.04 
28158, 30.63 , 105.95 ," 212,202.06 ", 68.75 , 68.75 , 69.75 , 71.75 , 279.00 , 283.97 ,93, 0.32 , 64.02 , 68.58 , 32.38 , 86.70 , 18.50 
28237, 21.33 , -   ," 129,428.67 ", 69.00 , 70.67 , 72.33 , 72.33 , 284.33 , 289.75 ,33, 0.34 , 60.12 , 62.96 , 28.50 , 85.87 , 18.67 
28258, 25.00 , -   ," 50,500.00 ", 73.00 , 70.00 , 73.00 , 75.00 , 291.00 , 273.41 ,205.5, 0.22 , 55.36 , 56.94 , 28.50 , 90.41 , 14.63 
28307, 27.00 , 37.50 ," 36,315.00 ", 72.00 , 70.00 , 72.00 , 72.00 , 286.00 , 284.02 ,92, 0.30 , 58.62 , 66.67 , 44.38 , 83.58 , 18.59 
28308, 32.00 , -   ," 13,542.00 ", 67.00 , 72.00 , 70.00 , 71.00 , 280.00 , 296.84 ,7, 0.35 , 42.86 , 63.89 , 28.75 , 93.06 , 11.63 
28455, 30.00 , -   ," 11,275.00 ", 69.00 , 70.00 , 73.00 , 74.00 , 286.00 , 274.73 ,197, 0.19 , 69.23 , 73.61 , 31.50 , 87.01 , 10.20 
28475, 27.10 , 34.58 ," 61,345.00 ", 69.40 , 71.40 , 71.40 , 70.90 , 283.10 , 286.84 ,62, 0.30 , 59.11 , 62.64 , 28.48 , 87.80 , 16.18 
28486, 27.29 , 20.53 ," 22,168.47 ", 69.71 , 69.14 , 70.86 , 72.71 , 282.43 , 283.30 ,102, 0.28 , 56.56 , 63.89 , 33.07 , 88.90 , 19.72 
28620, 28.67 , 21.83 ," 21,910.19 ", 70.00 , 68.67 , 71.33 , 70.00 , 280.00 , 271.87 ,219.5, 0.27 , 76.79 , 67.13 , 29.08 , 88.40 , 15.74 
28679, 33.00 , 19.38 ," 27,877.46 ", 69.60 , 72.20 , 72.00 , 74.20 , 288.00 , 282.38 ,111, 0.31 , 55.71 , 63.89 , 30.80 , 87.40 , 19.14 
29221, 25.00 , 94.21 ," 188,801.74 ", 69.64 , 68.55 , 69.36 , 69.64 , 277.18 , 285.69 ,69, 0.35 , 63.25 , 68.06 , 28.41 , 87.10 , 16.38 
29222, 28.00 , -   ," 12,780.00 ", 71.00 , 75.00 , 72.00 , 76.00 , 294.00 , 265.11 ,260, 0.21 , 69.64 , 59.72 , 30.00 , 89.04 , 10.64 
29223, 24.00 , -   ," 66,262.50 ", 72.00 , 70.00 , 70.50 , 71.50 , 284.00 , 279.84 ,139, 0.28 , 61.33 , 65.97 , 44.13 , 83.50 , 21.12 
29289, 24.00 , -   ," 43,000.00 ", 72.00 , 70.00 , 79.00 , 72.00 , 293.00 , 292.52 ,18, 0.39 , 44.64 , 61.11 , 28.00 , 91.04 , 22.22 
29420, 24.00 , 23.97 ," 27,093.80 ", 72.00 , 70.00 , 72.67 , 73.67 , 288.33 , 285.49 ,73.5, 0.27 , 54.17 , 66.20 , 29.17 , 87.32 , 12.37 
29461, 23.00 , 11.00 ," 12,876.00 ", 69.00 , 70.00 , 75.00 , 75.00 , 289.00 , 289.14 ,37, 0.23 , 48.21 , 59.72 , 38.67 , 84.75 , 14.29 
29478, 26.67 , 21.00 ," 19,643.33 ", 70.67 , 68.67 , 73.00 , 73.00 , 285.33 , 278.48 ,155, 0.25 , 65.39 , 54.17 , 37.67 , 84.80 , 10.66 
29518, 27.50 , 75.60 ," 146,010.41 ", 71.30 , 68.70 , 72.40 , 70.30 , 282.70 , 284.20 ,89, 0.32 , 64.29 , 66.39 , 29.93 , 89.49 , 13.40 
29718, 25.00 , 40.23 ," 78,248.34 ", 71.29 , 68.71 , 71.29 , 71.29 , 282.57 , 286.58 ,63, 0.34 , 47.69 , 62.70 , 29.27 , 88.22 , 15.37 
29720, 28.00 , 29.00 ," 21,840.00 ", 75.00 , 65.00 , 70.00 , 70.00 , 280.00 , 287.48 ,55, 0.27 , 66.07 , 72.22 , 30.25 , 84.42 , 11.36 
29910, 35.00 , 36.09 ," 45,950.37 ", 70.55 , 70.00 , 70.09 , 71.09 , 281.73 , 279.87 ,138, 0.29 , 62.55 , 64.39 , 29.13 , 88.89 , 17.79 
30110, 23.00 , 25.96 ," 29,082.71 ", 70.22 , 71.00 , 71.00 , 73.33 , 285.56 , 288.98 ,39, 0.29 , 57.10 , 67.44 , 34.25 , 84.37 , 12.61 
30692, 25.75 , 86.63 ," 157,435.00 ", 68.50 , 71.75 , 70.00 , 69.50 , 279.75 , 288.11 ,47, 0.36 , 63.36 , 67.01 , 28.19 , 89.30 , 18.44 
30711, 25.14 , 23.76 ," 28,985.77 ", 70.71 , 70.00 , 71.57 , 73.00 , 285.29 , 272.01 ,217, 0.24 , 69.64 , 61.31 , 28.61 , 89.56 , 15.01 
30750, 35.00 , 67.69 ," 130,397.43 ", 68.90 , 69.40 , 69.50 , 71.70 , 279.50 , 284.42 ,85, 0.32 , 62.14 , 67.78 , 31.58 , 89.86 , 15.43 
30852, 20.00 , -   ," 59,000.00 ", 65.00 , 76.00 , 70.00 , 78.00 , 289.00 , 288.73 ,43, 0.41 , 37.50 , 54.17 , 26.75 , 91.80 , 34.78 
30924, 26.00 , -   ," 41,500.00 ", 73.00 , 76.00 , 72.00 , 74.00 , 295.00 , 274.54 ,200, 0.23 , 33.93 , 54.17 , 29.25 , 93.06 , 8.89 
30925, 26.00 , 100.13 ," 223,621.68 ", 68.75 , 70.75 , 70.13 , 69.75 , 279.38 , 301.24 ,2, 0.37 , 58.25 , 71.35 , 33.81 , 85.31 , 15.20 
30926, 25.14 , 63.43 ," 101,783.47 ", 68.00 , 71.00 , 71.57 , 69.43 , 280.00 , 287.29 ,56, 0.30 , 50.77 , 71.03 , 30.64 , 86.77 , 17.38 
30946, 26.00 , 24.42 ," 32,819.47 ", 70.43 , 70.29 , 71.14 , 72.14 , 284.00 , 291.20 ,20, 0.29 , 55.30 , 66.87 , 35.17 , 88.63 , 12.34 
31114, 24.00 , -   ," 17,732.00 ", 71.00 , 70.00 , 75.00 , 72.00 , 288.00 , 284.63 ,82, 0.34 , 58.93 , 65.28 , 29.50 , 82.28 , 15.38 
31193, 27.00 , 7.75 ," 12,541.00 ", 71.67 , 71.33 , 72.00 , 74.00 , 289.00 , 287.90 ,50, 0.29 , 54.76 , 56.48 , 27.67 , 88.01 , 15.58 
31202, 31.00 , 34.86 ," 33,192.92 ", 71.29 , 69.14 , 70.86 , 72.14 , 283.43 , 278.52 ,154, 0.25 , 59.87 , 67.66 , 33.93 , 89.77 , 16.33 
31323, 26.25 , 109.86 ," 222,099.60 ", 70.13 , 69.00 , 69.25 , 71.63 , 280.00 , 295.77 ,10, 0.34 , 58.33 , 68.23 , 30.48 , 86.38 , 17.61 
31401, 26.00 , 29.05 ," 43,739.55 ", 70.63 , 70.38 , 70.88 , 73.00 , 284.88 , 285.53 ,72, 0.32 , 59.97 , 63.02 , 33.96 , 85.52 , 13.04 
31557, 33.00 , 14.64 ," 18,493.61 ", 70.00 , 73.33 , 72.67 , 72.67 , 288.67 , 293.33 ,16, 0.27 , 48.21 , 65.74 , 29.42 , 87.98 , 11.57 
32102, 22.00 , 49.82 ," 77,638.30 ", 68.67 , 70.44 , 70.11 , 71.33 , 280.56 , 290.74 ,24, 0.37 , 54.37 , 66.20 , 28.79 , 86.11 , 19.23 
32150, 25.40 , 41.70 ," 75,408.20 ", 70.20 , 68.00 , 71.80 , 71.60 , 281.60 , 283.18 ,103, 0.30 , 57.39 , 67.50 , 36.87 , 88.92 , 16.27 
32366, 24.00 , 61.43 ," 124,980.00 ", 69.40 , 71.80 , 71.20 , 72.60 , 285.00 , 284.49 ,83, 0.35 , 56.64 , 58.61 , 33.30 , 84.81 , 17.07 
32640, 25.00 , 13.47 ," 16,541.63 ", 70.75 , 72.50 , 73.00 , 71.25 , 287.50 , 275.06 ,194, 0.28 , 61.61 , 65.28 , 29.63 , 85.63 , 15.03 
32698, 25.00 , 37.16 ," 82,702.75 ", 70.25 , 71.00 , 70.50 , 74.00 , 285.75 , 286.98 ,60, 0.31 , 56.08 , 67.01 , 31.94 , 84.55 , 17.46 
32876, 25.00 , 21.30 ," 23,660.36 ", 70.00 , 71.40 , 73.40 , 74.40 , 289.20 , 290.06 ,29, 0.28 , 47.14 , 60.83 , 30.60 , 88.50 , 17.65 
33141, 24.22 , 86.88 ," 179,322.03 ", 69.67 , 70.11 , 71.11 , 71.56 , 282.44 , 288.77 ,42, 0.29 , 61.46 , 64.51 , 33.03 , 87.91 , 15.65 
33199, 18.00 , -   ," 37,620.63 ", 70.00 , 69.00 , 72.50 , 73.00 , 284.50 , 268.25 ,247, 0.35 , 63.05 , 62.50 , 28.25 , 85.33 , 19.79 
33413, 23.00 , 26.63 ," 25,160.67 ", 70.25 , 71.00 , 71.50 , 73.25 , 286.00 , 281.16 ,122, 0.32 , 61.16 , 63.19 , 30.63 , 90.98 , 15.70 
33419, 23.00 , 30.20 ," 59,762.72 ", 71.33 , 69.44 , 70.67 , 73.33 , 284.78 , 285.10 ,78.5, 0.29 , 51.59 , 63.27 , 30.19 , 88.26 , 15.55 
33461, 20.00 , -   ," 18,840.00 ", 68.00 , 67.00 , 68.00 , 69.00 , 272.00 , 283.84 ,95, 0.27 , 73.21 , 66.67 , 27.50 , 86.67 , 11.43 
33911, 27.00 , 21.34 ," 21,578.03 ", 70.00 , 68.80 , 69.80 , 73.00 , 281.60 , 269.53 ,240, 0.31 , 70.29 , 63.33 , 33.75 , 88.24 , 16.32 
34021, 21.00 , -   ," 46,425.00 ", 68.00 , 67.00 , 69.00 , 65.00 , 269.00 , 282.70 ,108, 0.27 , 75.00 , 76.39 , 29.00 , 93.85 , 21.57 
34072, 25.00 , 35.50 ," 35,192.86 ", 66.00 , 76.00 , 76.00 , 68.00 , 286.00 , 290.64 ,25.5, 0.34 , 50.00 , 50.00 , 27.25 , 84.51 , 26.32 
34255, 22.75 , 13.38 ," 15,129.50 ", 70.00 , 70.25 , 74.00 , 71.25 , 285.50 , 283.59 ,99, 0.29 , 61.61 , 68.40 , 29.44 , 88.27 , 13.19 
35087, 20.00 , 36.83 ," 44,003.50 ", 74.33 , 68.67 , 73.33 , 68.00 , 284.33 , 283.60 ,98, 0.38 , 52.18 , 53.70 , 35.50 , 86.33 , 28.33 
